<wpml-config>
    <custom-fields>
        <custom-field action="copy">yith_wcpsc_product_charts</custom-field>
        <custom-field action="copy">display_as</custom-field>
        <custom-field action="copy">show_in_widget</custom-field>
        <custom-field action="copy">tab_priority</custom-field>
        <custom-field action="translate">title_of_desc_tab</custom-field>
        <custom-field action="translate">button_text</custom-field>
        <custom-field action="translate">tab_title</custom-field>
        <custom-field action="translate">_table_meta</custom-field>
    </custom-fields>
    <custom-types>
        <custom-type translate="1">yith-wcpsc-wc-chart</custom-type>
    </custom-types>
</wpml-config>
