[
    {
        "name": "pimple/pimple",
        "version": "v3.2.3",
        "version_normalized": "3.2.3.0",
        "source": {
            "type": "git",
            "url": "https://github.com/silexphp/Pimple.git",
            "reference": "9e403941ef9d65d20cba7d54e29fe906db42cf32"
        },
        "dist": {
            "type": "zip",
            "url": "https://api.github.com/repos/silexphp/Pimple/zipball/9e403941ef9d65d20cba7d54e29fe906db42cf32",
            "reference": "9e403941ef9d65d20cba7d54e29fe906db42cf32",
            "shasum": ""
        },
        "require": {
            "php": ">=5.3.0",
            "psr/container": "^1.0"
        },
        "require-dev": {
            "symfony/phpunit-bridge": "^3.2"
        },
        "time": "2018-01-21T07:42:36+00:00",
        "type": "library",
        "extra": {
            "branch-alias": {
                "dev-master": "3.2.x-dev"
            }
        },
        "installation-source": "dist",
        "autoload": {
            "psr-0": {
                "Pimple": "src/"
            }
        },
        "notification-url": "https://packagist.org/downloads/",
        "license": [
            "MIT"
        ],
        "authors": [
            {
                "name": "Fabien Potencier",
                "email": "fabien@symfony.com"
            }
        ],
        "description": "Pimple, a simple Dependency Injection Container",
        "homepage": "http://pimple.sensiolabs.org",
        "keywords": [
            "container",
            "dependency injection"
        ]
    },
    {
        "name": "psr/container",
        "version": "1.0.0",
        "version_normalized": "1.0.0.0",
        "source": {
            "type": "git",
            "url": "https://github.com/php-fig/container.git",
            "reference": "b7ce3b176482dbbc1245ebf52b181af44c2cf55f"
        },
        "dist": {
            "type": "zip",
            "url": "https://api.github.com/repos/php-fig/container/zipball/b7ce3b176482dbbc1245ebf52b181af44c2cf55f",
            "reference": "b7ce3b176482dbbc1245ebf52b181af44c2cf55f",
            "shasum": ""
        },
        "require": {
            "php": ">=5.3.0"
        },
        "time": "2017-02-14T16:28:37+00:00",
        "type": "library",
        "extra": {
            "branch-alias": {
                "dev-master": "1.0.x-dev"
            }
        },
        "installation-source": "dist",
        "autoload": {
            "psr-4": {
                "Psr\\Container\\": "src/"
            }
        },
        "notification-url": "https://packagist.org/downloads/",
        "license": [
            "MIT"
        ],
        "authors": [
            {
                "name": "PHP-FIG",
                "homepage": "http://www.php-fig.org/"
            }
        ],
        "description": "Common Container Interface (PHP FIG PSR-11)",
        "homepage": "https://github.com/php-fig/container",
        "keywords": [
            "PSR-11",
            "container",
            "container-interface",
            "container-interop",
            "psr"
        ]
    },
    {
        "name": "wikimedia/composer-merge-plugin",
        "version": "v1.4.1",
        "version_normalized": "1.4.1.0",
        "source": {
            "type": "git",
            "url": "https://github.com/wikimedia/composer-merge-plugin.git",
            "reference": "81c6ac72a24a67383419c7eb9aa2b3437f2ab100"
        },
        "dist": {
            "type": "zip",
            "url": "https://api.github.com/repos/wikimedia/composer-merge-plugin/zipball/81c6ac72a24a67383419c7eb9aa2b3437f2ab100",
            "reference": "81c6ac72a24a67383419c7eb9aa2b3437f2ab100",
            "shasum": ""
        },
        "require": {
            "composer-plugin-api": "^1.0",
            "php": ">=5.3.2"
        },
        "require-dev": {
            "composer/composer": "~1.0.0",
            "jakub-onderka/php-parallel-lint": "~0.8",
            "phpunit/phpunit": "~4.8|~5.0",
            "squizlabs/php_codesniffer": "~2.1.0"
        },
        "time": "2017-04-25T02:31:25+00:00",
        "type": "composer-plugin",
        "extra": {
            "branch-alias": {
                "dev-master": "1.3.x-dev"
            },
            "class": "Wikimedia\\Composer\\MergePlugin"
        },
        "installation-source": "dist",
        "autoload": {
            "psr-4": {
                "Wikimedia\\Composer\\": "src/"
            }
        },
        "notification-url": "https://packagist.org/downloads/",
        "license": [
            "MIT"
        ],
        "authors": [
            {
                "name": "Bryan Davis",
                "email": "bd808@wikimedia.org"
            }
        ],
        "description": "Composer plugin to merge multiple composer.json files"
    }
]
