<?xml version="1.0" encoding="UTF-8"?>
<!DOCTYPE VAST [
  <!ATTLIST Ad    id    ID     #IMPLIED>
	<!ELEMENT MediaFiles (#PCDATA)>
	<!ELEMENT MediaFile (#PCDATA)>
	<!ELEMENT URL (#PCDATA)>
]>
<VAST version="2.0" >
<configuration>
 <system.webServer>
   <httpProtocol>
     <customHeaders>
       <add name="Access-Control-Allow-Origin" value="*" />
     </customHeaders>
   </httpProtocol>
 </system.webServer>
</configuration>
<Ad id="pre-roll-0">
<InLine>
<AdSystem>2.0</AdSystem>
<AdTitle>Sample</AdTitle>
<Impression></Impression>
<Creatives>
<Creative sequence="1" id="2" >
<Linear>
<Duration>00:02:00</Duration>
<AdParameters>
</AdParameters>
<MediaFiles>
<MediaFile delivery="progressive" bitrate="400" type="video/mp4">
<URL>/movie/ad/ad2.mp4</URL>
</MediaFile>
</MediaFiles>

</Linear>
</Creative>
</Creatives>
</InLine>
</Ad>
<Ad id="post-roll-0">
<InLine>
<AdSystem>2.0</AdSystem>
<AdTitle>Sample</AdTitle>
<Impression></Impression>
<Creatives>
<Creative sequence="1" id="2" >
<Linear>
<Duration>00:02:00</Duration>
<AdParameters>
</AdParameters>
<MediaFiles>
<MediaFile delivery="progressive" bitrate="400" type="video/mp4">
<URL>/movie/ad/ad2.mp4</URL>
</MediaFile>
</MediaFiles>
</Linear>
</Creative>
</Creatives>
</InLine>
</Ad>
<Ad id="mid-roll-0">
<InLine>
<AdSystem>2.0</AdSystem>
<AdTitle>Sample</AdTitle>
<Impression></Impression>
<Creatives>
<Creative sequence="1" id="2" >
<Linear>
<Duration>00:02:00</Duration>
<AdParameters>
</AdParameters>
<MediaFiles>
<MediaFile delivery="progressive" bitrate="400" type="video/mp4">
<URL>/movie/ad/ad2.mp4</URL>
</MediaFile>
</MediaFiles>
</Linear>
</Creative>
</Creatives>
</InLine>
</Ad>

</VAST>
